{
    "keys": [
        "BansheeGz.BGDatabase.Editor.BGSettingsEditorModel",
        "BansheeGz.BGDatabase.Editor.BGSettingsLocalization"
    ],
    "values": [
        "{\"DatabaseLeftWidth\":374,\"ConfigLeftWidth\":334,\"SceneExplorerLeftWidth\":300,\"ExportLeftWidth\":300,\"DataSourceLeftWidth\":300,\"AddonLeftWidth\":300,\"SettingsLeftWidth\":300,\"FilterLeftWidth\":200,\"EntityPagerSize\":50,\"InjectScriptableObjects\":false,\"ColumnWidthFieldId\":100.0,\"ColumnWidthFieldName\":200.0,\"ColumnWidthFieldIsSystem\":50.0,\"ColumnWidthFieldRequired\":50.0,\"ColumnWidthFieldIsName\":77.0,\"ColumnWidthFieldComment\":70.0,\"ColumnWidthFieldType\":150.0,\"ColumnWidthFieldAddon\":100.0,\"ColumnWidthFieldDefault\":100.0,\"ColumnWidthFieldSettings\":150.0,\"ColumnWidthRelationInId\":100.0,\"ColumnWidthRelationInName\":250.0,\"ColumnWidthRelationInFrom\":150.0,\"CodeGenRepoDna\":{\"GeneratorClass\":\"BansheeGz.BGDatabase.Editor.BGRepoDnaGenerator\",\"ClassesNamePrefix\":\"d\",\"FieldsNamePrefix\":\"dd\",\"Package\":\"\",\"RepoClass\":\"\",\"InstanceName\":\"I\",\"SourceFile\":\"\"},\"CodeGenMonoBehaviorClasses\":{\"GeneratorClass\":\"BansheeGz.BGDatabase.Editor.BGMonoBehaviorClassesGenerator\",\"ClassesNamePrefix\":\"BLM_\",\"FieldsNamePrefix\":\"f_\",\"Package\":\"BansheeGz.BGDatabase.Example\",\"UseAddonClasses\":true,\"SourceFolder\":\"Assets\\\\BGDatabaseLocalizationExample\\\\Scripts\\\\MonoBehaviourGenerated\"},\"CodeGenPlaymaker\":{\"GeneratorClass\":\"\",\"ClassesNamePrefix\":\"\",\"FieldsNamePrefix\":\"\",\"Package\":\"\",\"SourceFile\":\"Assets/Temp/PLaymaker.cs\",\"ActionCategory\":\"BansheeGz\",\"GenerateGetById\":true,\"GenerateSetById\":true,\"GenerateGetByIndex\":true,\"GenerateSetByIndex\":true,\"GenerateGetByName\":true,\"GenerateSetByName\":true,\"GenerateCount\":true,\"GenerateCreate\":true,\"GenerateDelete\":true,\"CCGetByIdOnEnterStart\":\"\",\"CCGetByIdOnEnterEnd\":\"\",\"CCGetByIdResetStart\":\"\",\"CCGetByIdResetEnd\":\"\",\"CCSetByIdOnEnterStart\":\"\",\"CCSetByIdOnEnterEnd\":\"\",\"CCSetByIdResetStart\":\"\",\"CCSetByIdResetEnd\":\"\",\"CCGetByIndexOnEnterStart\":\"\",\"CCGetByIndexOnEnterEnd\":\"\",\"CCGetByIndexResetStart\":\"\",\"CCGetByIndexResetEnd\":\"\",\"CCSetByIndexOnEnterStart\":\"\",\"CCSetByIndexOnEnterEnd\":\"\",\"CCSetByIndexResetStart\":\"\",\"CCSetByIndexResetEnd\":\"\",\"CCGetByNameOnEnterStart\":\"\",\"CCGetByNameOnEnterEnd\":\"\",\"CCGetByNameResetStart\":\"\",\"CCGetByNameResetEnd\":\"\",\"CCSetByNameOnEnterStart\":\"\",\"CCSetByNameOnEnterEnd\":\"\",\"CCSetByNameResetStart\":\"\",\"CCSetByNameResetEnd\":\"\",\"CCCountOnEnterStart\":\"\",\"CCCountOnEnterEnd\":\"\",\"CCCountResetStart\":\"\",\"CCCountResetEnd\":\"\",\"CCCreateOnEnterStart\":\"\",\"CCCreateOnEnterEnd\":\"\",\"CCCreateResetStart\":\"\",\"CCCreateResetEnd\":\"\",\"CCDeleteOnEnterStart\":\"\",\"CCDeleteOnEnterEnd\":\"\",\"CCDeleteResetStart\":\"\",\"CCDeleteResetEnd\":\"\"},\"CodeGenMT\":{\"GeneratorClass\":\"\",\"ClassesNamePrefix\":\"\",\"FieldsNamePrefix\":\"\",\"Package\":\"\",\"SourceFile\":\"\"},\"CodeGenBolt\":{\"GeneratorClass\":\"\",\"ClassesNamePrefix\":\"\",\"FieldsNamePrefix\":\"\",\"Package\":\"\",\"SourceFile\":\"Assets/Temp/Bolt.cs\",\"UnitCategory\":\"BansheeGz\"},\"BackUpInstant\":0,\"BackUpDaily\":60,\"Id2MetaTableConfig\":{\"values\":[{\"WidthId\":40.0,\"WidthName\":100.0,\"FilterEnabled\":false,\"Filter\":\"\",\"NameField\":\"\",\"SortFieldId\":\"zNCw7it5uE2OJHrZSQZZCg\",\"SortFieldOrder\":false,\"Pinned\":false,\"RowHeight\":22,\"Id2Width\":{\"values\":[77.0,234.0,148.0,138.0,133.0,160.0,218.0],\"myKeys\":[\"X9JSdO4LYU6VLDZ/ZgtM0A\",\"BDTxzl4OdEWji7ES/UmK9g\",\"lbF+85G9zUKHoksUmcmEaw\",\"O+2f6iOO+0iADo9WlIyuPA\",\"eIdXA3fG30yDdFBeZmIZTA\",\"DeMq+jzmc0+bYvtRT9bjag\",\"zhXG+zAGPk62tg2mqtnEoQ\"]},\"HiddenFields\":{\"values\":[]},\"OrderFields\":[]},{\"WidthId\":40.0,\"WidthName\":100.0,\"FilterEnabled\":false,\"Filter\":\"\",\"NameField\":\"\",\"SortFieldId\":\"\",\"SortFieldOrder\":false,\"Pinned\":false,\"RowHeight\":22,\"Id2Width\":{\"values\":[203.0,205.0,208.0,200.0,209.0],\"myKeys\":[\"wo/puDKPrkywKiKr+wOgAA\",\"rVJJ/UjlO0yE10463HSMJQ\",\"UHpAzL7xeUOU07wILh/H3Q\",\"E/oZ1MC2Ik66TRPB5m1nbg\",\"x2nQUYyK1UGH08SQHR+gow\"]},\"HiddenFields\":{\"values\":[]},\"OrderFields\":[]},{\"WidthId\":40.0,\"WidthName\":100.0,\"FilterEnabled\":false,\"Filter\":\"\",\"NameField\":\"\",\"SortFieldId\":\"\",\"SortFieldOrder\":false,\"Pinned\":false,\"RowHeight\":22,\"Id2Width\":{\"values\":[210.0,181.0],\"myKeys\":[\"g229B7+CXEeCa+6EAuxvTw\",\"Lz+Gy5FOYke3vzZrlcoFbQ\"]},\"HiddenFields\":{\"values\":[]},\"OrderFields\":[]},{\"WidthId\":40.0,\"WidthName\":100.0,\"FilterEnabled\":false,\"Filter\":\"\",\"NameField\":\"\",\"SortFieldId\":\"\",\"SortFieldOrder\":false,\"Pinned\":false,\"RowHeight\":22,\"Id2Width\":{\"values\":[402.0],\"myKeys\":[\"VxtLMX2BSUGg9AhLvXbMUw\"]},\"HiddenFields\":{\"values\":[]},\"OrderFields\":[]},{\"WidthId\":40.0,\"WidthName\":100.0,\"FilterEnabled\":false,\"Filter\":\"\",\"NameField\":\"9M3B9wqRyk+EK8XXVxgRjQ\",\"SortFieldId\":\"\",\"SortFieldOrder\":false,\"Pinned\":false,\"RowHeight\":22,\"Id2Width\":{\"values\":[242.0,217.0,247.0,273.0],\"myKeys\":[\"fx8+5NqcSUiiSVZQx0SuYw\",\"9M3B9wqRyk+EK8XXVxgRjQ\",\"RqCrtc90H0+jKDgKOYAG7Q\",\"8HMIVuzHd0u1BOQgJvqtyg\"]},\"HiddenFields\":{\"values\":[]},\"OrderFields\":[]},{\"WidthId\":40.0,\"WidthName\":100.0,\"FilterEnabled\":false,\"Filter\":\"\",\"NameField\":\"\",\"SortFieldId\":\"\",\"SortFieldOrder\":false,\"Pinned\":false,\"RowHeight\":22,\"Id2Width\":{\"values\":[212.0],\"myKeys\":[\"/JPTkxU2pU++XP31yRmPwA\"]},\"HiddenFields\":{\"values\":[]},\"OrderFields\":[]},{\"WidthId\":40.0,\"WidthName\":100.0,\"FilterEnabled\":false,\"Filter\":\"\",\"NameField\":\"\",\"SortFieldId\":\"\",\"SortFieldOrder\":false,\"Pinned\":false,\"RowHeight\":22,\"Id2Width\":{\"values\":[250.0],\"myKeys\":[\"0D1mQc+WlEicsmaRJ4m/Vg\"]},\"HiddenFields\":{\"values\":[]},\"OrderFields\":[]},{\"WidthId\":40.0,\"WidthName\":100.0,\"FilterEnabled\":false,\"Filter\":\"\",\"NameField\":\"\",\"SortFieldId\":\"\",\"SortFieldOrder\":false,\"Pinned\":false,\"RowHeight\":22,\"Id2Width\":{\"values\":[213.0],\"myKeys\":[\"/M8veAaFcU2qrf/SJicPFw\"]},\"HiddenFields\":{\"values\":[]},\"OrderFields\":[]},{\"WidthId\":40.0,\"WidthName\":100.0,\"FilterEnabled\":false,\"Filter\":\"\",\"NameField\":\"\",\"SortFieldId\":\"\",\"SortFieldOrder\":false,\"Pinned\":false,\"RowHeight\":22,\"Id2Width\":{\"values\":[207.0],\"myKeys\":[\"1H30vJ5vB0G9nPVdwtrGVQ\"]},\"HiddenFields\":{\"values\":[]},\"OrderFields\":[]},{\"WidthId\":40.0,\"WidthName\":100.0,\"FilterEnabled\":false,\"Filter\":\"\",\"NameField\":\"\",\"SortFieldId\":\"\",\"SortFieldOrder\":false,\"Pinned\":false,\"RowHeight\":22,\"Id2Width\":{\"values\":[266.0,168.0,144.0,153.0],\"myKeys\":[\"BKUBvaABH0S8iDAXFY4zuA\",\"n1PDSn3MoUueehyn2DX/Ww\",\"cWm7BXTdykyGku0SjFb6kQ\",\"+18lCLGq0EOSRCR/VCIvYg\"]},\"HiddenFields\":{\"values\":[]},\"OrderFields\":[]},{\"WidthId\":40.0,\"WidthName\":100.0,\"FilterEnabled\":false,\"Filter\":\"\",\"NameField\":\"\",\"SortFieldId\":\"\",\"SortFieldOrder\":false,\"Pinned\":false,\"RowHeight\":22,\"Id2Width\":{\"values\":[232.0],\"myKeys\":[\"mXA9RbIihkyAjmeg5Kt5tQ\"]},\"HiddenFields\":{\"values\":[]},\"OrderFields\":[]},{\"WidthId\":40.0,\"WidthName\":100.0,\"FilterEnabled\":false,\"Filter\":\"\",\"NameField\":\"\",\"SortFieldId\":\"\",\"SortFieldOrder\":false,\"Pinned\":false,\"RowHeight\":22,\"Id2Width\":{\"values\":[181.0,174.0],\"myKeys\":[\"IFnnGfwjf0qKM0/72TzWFA\",\"+vF5/0YXwk+Oq+T9C5yAyA\"]},\"HiddenFields\":{\"values\":[]},\"OrderFields\":[]}],\"myKeys\":[\"lMfKD28Vcku+BV4sgCm4aQ\",\"KoBIcS9qZ0GsPR+9DH5jBA\",\"FmLOzgNGhEC8wny9iyh9Vw\",\"QY2OvzUpIU2z73Vm4m4guA\",\"tytgWPB+FkO259eJRJdZ4A\",\"w9E40r9i3E+x7JEUk2HMfg\",\"byWrAnX/SkOoMx9TWvbkDw\",\"kwxm4vaFd02lEtXo8K2t3g\",\"w2o7haw4v0yZqlQ9OPWhbQ\",\"UYFfw+I6EE25bpvBplUA2w\",\"N46cuQ8QMk62wLP610EHZA\",\"LLAukfyzakmPXUVEMb1RKA\"]},\"SyncList\":[{\"JobType\":\"BansheeGz.BGDatabase.Editor.BGSyncJson\",\"Settings\":\"\",\"SyncName\":\"jsonBackup\",\"SyncId\":\"7a8QsrkzV0agkARcuWJFfw\",\"DataSourceId\":\"e2Pq5t8T0k+hAeVLM0Zk3w\",\"UpdateIdsOnImport\":true,\"TransferRowsOrder\":false,\"SettingsEntity\":{\"mode\":0,\"addMissing\":false,\"updateMatching\":false,\"removeOrphaned\":false,\"id2Meta\":{\"values\":[],\"myKeys\":[]},\"controllerType\":\"\"},\"SettingsMeta\":{\"mode\":0,\"addMissing\":false,\"updateMatching\":false,\"removeOrphaned\":false,\"id2Meta\":{\"values\":[],\"myKeys\":[]}}},{\"JobType\":\"BansheeGz.BGDatabase.Editor.BGSyncExcel\",\"Settings\":\"\",\"SyncName\":\"Excel\",\"SyncId\":\"CLYeKUulQUW8swPVRGKcWw\",\"DataSourceId\":\"g12JhQzbSEqheIil8nYRSA\",\"UpdateIdsOnImport\":true,\"TransferRowsOrder\":false,\"SettingsEntity\":{\"mode\":0,\"addMissing\":true,\"updateMatching\":true,\"removeOrphaned\":true,\"id2Meta\":{\"values\":[],\"myKeys\":[]},\"controllerType\":\"\"},\"SettingsMeta\":{\"mode\":0,\"addMissing\":true,\"updateMatching\":true,\"removeOrphaned\":true,\"id2Meta\":{\"values\":[],\"myKeys\":[]}}}],\"DataSourceList\":[{\"DataSourceType\":\"BansheeGz.BGDatabase.Editor.BGDsJson\",\"Settings\":\"{\\\"Path\\\":\\\"C:/Unity/BGGameDatabase/Json/locBackup.json\\\"}\",\"DataSourceName\":\"json\",\"DataSourceId\":\"e2Pq5t8T0k+hAeVLM0Zk3w\"},{\"DataSourceType\":\"BansheeGz.BGDatabase.Editor.BGDsExcel\",\"Settings\":\"{\\\"Path\\\":\\\"C:/Unity/BGGameDatabase/Excel/localizationExcel.xls\\\"}\",\"DataSourceName\":\"excel\",\"DataSourceId\":\"g12JhQzbSEqheIil8nYRSA\"}],\"DeltaMode\":false,\"DeltaPath\":\"\",\"ColumnWidthKeyId\":100.0,\"ColumnWidthKeyName\":150.0,\"ColumnWidthKeyFields\":200.0,\"ColumnWidthKeyConfig\":200.0,\"ShowMetaListFilter\":false,\"MetaListViewModels\":[],\"MetaListViewModelActive\":\"\"}",
        "{\"TranslationLocaleSourceId\":\"EuDOHXG7vUGjTlgMu7io3Q\",\"TranslationLocaleDestinationIds\":\"AvR+wwxQx0WFh4HJIc+EiA,vs+JWrz3OUmXDBXn21sofA,a6lN8ecuGkaHsxk+VEDxJw\",\"TranslateOnlyIfDestinationIsEmpty\":true,\"TranslatorService\":\"Amazon\",\"WatsonTranslatorUser\":\"\",\"WatsonTranslatorPassword\":\"\",\"YandexAPIKey\":\"\",\"AmazonKey\":\"enterYourKeyHere\",\"AmazonSecret\":\"enterYourSecretHere\"}"
    ]
}