{
    "keys": [
        "BansheeGz.BGDatabase.Editor.BGSettingsEditorModel"
    ],
    "values": [
        "{\"SRWidth\":600.0,\"SRHeight\":600.0,\"MRWidth\":900.0,\"MRHeight\":400.0,\"DatabaseLeftWidth\":212.0,\"ConfigLeftWidth\":300.0,\"SceneExplorerLeftWidth\":300.0,\"ExportLeftWidth\":300.0,\"PluginsLeftWidth\":300.0,\"AddonLeftWidth\":300.0,\"SettingsLeftWidth\":300.0,\"FilterLeftWidth\":200.0,\"EntityPagerSize\":40,\"InjectScriptableObjects\":false,\"ColumnWidthFieldId\":100.0,\"ColumnWidthFieldName\":200.0,\"ColumnWidthFieldIsSystem\":50.0,\"ColumnWidthFieldReadonly\":60.0,\"ColumnWidthFieldRequired\":50.0,\"ColumnWidthFieldIsName\":50.0,\"ColumnWidthFieldComment\":70.0,\"ColumnWidthFieldType\":150.0,\"ColumnWidthFieldAddon\":100.0,\"ColumnWidthFieldDefault\":100.0,\"ColumnWidthFieldSettings\":150.0,\"ColumnWidthRelationInId\":100.0,\"ColumnWidthRelationInName\":250.0,\"ColumnWidthRelationInFrom\":150.0,\"CodeGenRepoDna\":{\"GeneratorClass\":\"BansheeGz.BGDatabase.Editor.BGRepoDnaGenerator\",\"ClassesNamePrefix\":\"\",\"FieldsNamePrefix\":\"\",\"Package\":\"\",\"RepoClass\":\"\",\"InstanceName\":\"I\",\"SourceFile\":\"\"},\"CodeGenMonoBehaviorClasses\":{\"GeneratorClass\":\"BansheeGz.BGDatabase.Editor.BGMonoBehaviorClassesGenerator\",\"ClassesNamePrefix\":\"DbGo\",\"FieldsNamePrefix\":\"f_\",\"Package\":\"\",\"UseAddonClasses\":true,\"OnlyChanged\":false,\"SourceFolder\":\"Assets\\\\BGDatabaseInventoryExample\\\\Scripts\\\\MBGenerated\",\"EnableOdin\":false,\"Readonly\":false},\"CodeGenPlaymaker\":{\"GeneratorClass\":\"\",\"ClassesNamePrefix\":\"\",\"FieldsNamePrefix\":\"\",\"Package\":\"\",\"SourceFile\":\"\",\"ActionCategory\":\"BansheeGz\",\"GenerateGetById\":false,\"GenerateSetById\":false,\"GenerateGetByIndex\":false,\"GenerateSetByIndex\":false,\"GenerateGetByName\":false,\"GenerateSetByName\":false,\"GenerateCount\":false,\"GenerateCreate\":false,\"GenerateDelete\":false,\"CCGetByIdOnEnterStart\":\"\",\"CCGetByIdOnEnterEnd\":\"\",\"CCGetByIdResetStart\":\"\",\"CCGetByIdResetEnd\":\"\",\"CCSetByIdOnEnterStart\":\"\",\"CCSetByIdOnEnterEnd\":\"\",\"CCSetByIdResetStart\":\"\",\"CCSetByIdResetEnd\":\"\",\"CCGetByIndexOnEnterStart\":\"\",\"CCGetByIndexOnEnterEnd\":\"\",\"CCGetByIndexResetStart\":\"\",\"CCGetByIndexResetEnd\":\"\",\"CCSetByIndexOnEnterStart\":\"\",\"CCSetByIndexOnEnterEnd\":\"\",\"CCSetByIndexResetStart\":\"\",\"CCSetByIndexResetEnd\":\"\",\"CCGetByNameOnEnterStart\":\"\",\"CCGetByNameOnEnterEnd\":\"\",\"CCGetByNameResetStart\":\"\",\"CCGetByNameResetEnd\":\"\",\"CCSetByNameOnEnterStart\":\"\",\"CCSetByNameOnEnterEnd\":\"\",\"CCSetByNameResetStart\":\"\",\"CCSetByNameResetEnd\":\"\",\"CCCountOnEnterStart\":\"\",\"CCCountOnEnterEnd\":\"\",\"CCCountResetStart\":\"\",\"CCCountResetEnd\":\"\",\"CCCreateOnEnterStart\":\"\",\"CCCreateOnEnterEnd\":\"\",\"CCCreateResetStart\":\"\",\"CCCreateResetEnd\":\"\",\"CCDeleteOnEnterStart\":\"\",\"CCDeleteOnEnterEnd\":\"\",\"CCDeleteResetStart\":\"\",\"CCDeleteResetEnd\":\"\"},\"CodeGenMT\":{\"GeneratorClass\":\"\",\"ClassesNamePrefix\":\"\",\"FieldsNamePrefix\":\"\",\"Package\":\"\",\"SourceFile\":\"\"},\"CodeGenBolt\":{\"GeneratorClass\":\"\",\"ClassesNamePrefix\":\"\",\"FieldsNamePrefix\":\"\",\"Package\":\"\",\"SourceFile\":\"\",\"UnitCategory\":\"BansheeGz\",\"TargetPlatform\":0},\"CodeGenFlowCanvas\":{\"GeneratorClass\":\"\",\"ClassesNamePrefix\":\"\",\"FieldsNamePrefix\":\"\",\"Package\":\"\",\"SourceFile\":\"\",\"UnitCategory\":\"BansheeGz\"},\"BackUpInstant\":0,\"BackUpDaily\":60,\"Id2MetaTableConfig\":{\"values\":[{\"WidthId\":40.0,\"WidthName\":100.0,\"FilterEnabled\":false,\"Filter\":\"\",\"NameField\":\"\",\"SortFieldId\":\"\",\"SortFieldOrder\":false,\"Pinned\":false,\"RowHeight\":22.0,\"Id2Width\":{\"values\":[262.0,54.0,177.0],\"myKeys\":[\"qbXx03Nlr0Gn5Pt61VxJFA\",\"gdFlr2mVaUyTAuGdg2jLJg\",\"lbweEvL84kSU2njM//13ng\"]},\"HiddenFields\":{\"values\":[]},\"OrderFields\":[],\"FilterPresets\":[],\"ACF\":false},{\"WidthId\":40.0,\"WidthName\":100.0,\"FilterEnabled\":false,\"Filter\":\"\",\"NameField\":\"\",\"SortFieldId\":\"5SfKk3oBuEe4UGNXnhqJuQ\",\"SortFieldOrder\":false,\"Pinned\":false,\"RowHeight\":22.0,\"Id2Width\":{\"values\":[206.0,199.0],\"myKeys\":[\"5Dj7vf+pqkSZA+glPY6bSg\",\"92d8XWONgEuzKI8GkwIpTA\"]},\"HiddenFields\":{\"values\":[]},\"OrderFields\":[],\"FilterPresets\":[],\"ACF\":false},{\"WidthId\":40.0,\"WidthName\":100.0,\"FilterEnabled\":false,\"Filter\":\"\",\"NameField\":\"\",\"SortFieldId\":\"\",\"SortFieldOrder\":false,\"Pinned\":false,\"RowHeight\":22.0,\"Id2Width\":{\"values\":[155.0],\"myKeys\":[\"GLU/A/KWeUub1PUecVScPg\"]},\"HiddenFields\":{\"values\":[]},\"OrderFields\":[],\"FilterPresets\":[],\"ACF\":false},{\"WidthId\":40.0,\"WidthName\":100.0,\"FilterEnabled\":false,\"Filter\":\"\",\"NameField\":\"\",\"SortFieldId\":\"\",\"SortFieldOrder\":false,\"Pinned\":false,\"RowHeight\":22.0,\"Id2Width\":{\"values\":[227.0],\"myKeys\":[\"BJ3CSArp00+ZAsV+eBY2Jw\"]},\"HiddenFields\":{\"values\":[]},\"OrderFields\":[],\"FilterPresets\":[],\"ACF\":false},{\"WidthId\":40.0,\"WidthName\":100.0,\"FilterEnabled\":false,\"Filter\":\"\",\"NameField\":\"\",\"SortFieldId\":\"\",\"SortFieldOrder\":false,\"Pinned\":false,\"RowHeight\":22.0,\"Id2Width\":{\"values\":[167.0],\"myKeys\":[\"NadFyjVVGEKWxqm4z/n3UA\"]},\"HiddenFields\":{\"values\":[]},\"OrderFields\":[],\"FilterPresets\":[],\"ACF\":false},{\"WidthId\":40.0,\"WidthName\":100.0,\"FilterEnabled\":false,\"Filter\":\"\",\"NameField\":\"\",\"SortFieldId\":\"\",\"SortFieldOrder\":false,\"Pinned\":false,\"RowHeight\":22.0,\"Id2Width\":{\"values\":[134.0,211.0],\"myKeys\":[\"nrTl8HpkYUGAtGsfy5JPIw\",\"b8l9Blo5dEuJRY5fxMpvsw\"]},\"HiddenFields\":{\"values\":[]},\"OrderFields\":[],\"FilterPresets\":[],\"ACF\":false}],\"myKeys\":[\"v8IiOOYCnk68nfpi+6dhrw\",\"Uf246Tb7Z02iN1Aig5w9kw\",\"mXdfIQ+0xk+NTFMx/CAUOg\",\"0eqaOltBVUGEy83riiXQ4w\",\"o8iPSqO0BE+FHissI1bvNw\",\"SP2OVAlCDEWSpfNE4KTJ1w\"]},\"SyncList\":[],\"DataSourceList\":[],\"DeltaMode\":false,\"DeltaPath\":\"\",\"ColumnWidthKeyId\":100.0,\"ColumnWidthKeyName\":150.0,\"ColumnWidthKeyFields\":200.0,\"ColumnWidthKeyConfig\":200.0,\"ShowMetaListFilter\":false,\"MetaListViewModels\":[],\"MetaListViewModelActive\":\"\",\"PinnedSync\":\"6exMoHjRV0yKK2xY+t8PJw\",\"TBBatchFolded\":false,\"TBSelectFolded\":false,\"TBFilterFolded\":false,\"TBPageFolded\":false}"
    ]
}