{
    "Version": "1.0",
    "SRWidth": 600.0,
    "SRHeight": 600.0,
    "MRWidth": 900.0,
    "MRHeight": 400.0,
    "DatabaseLeftWidth": 212.0,
    "ConfigLeftWidth": 206.0,
    "SceneExplorerLeftWidth": 300.0,
    "ExportLeftWidth": 300.0,
    "PluginsLeftWidth": 300.0,
    "AddonLeftWidth": 300.0,
    "SettingsLeftWidth": 300.0,
    "FilterLeftWidth": 200.0,
    "EntityPagerSize": 40,
    "InjectScriptableObjects": false,
    "SODetailedLog": false,
    "ColumnWidthFieldId": 100.0,
    "ColumnWidthFieldName": 79.0,
    "ColumnWidthFieldIsSystem": 50.0,
    "ColumnWidthFieldReadonly": 57.0,
    "ColumnWidthFieldRequired": 50.0,
    "ColumnWidthFieldIsName": 50.0,
    "ColumnWidthFieldComment": 48.0,
    "ColumnWidthFieldType": 118.0,
    "ColumnWidthFieldAddon": 42.0,
    "ColumnWidthFieldDefault": 41.0,
    "ColumnWidthFieldSettings": 150.0,
    "ColumnWidthRelationInId": 100.0,
    "ColumnWidthRelationInName": 250.0,
    "ColumnWidthRelationInFrom": 150.0,
    "CodeGenRepoDna": {
        "GeneratorClass": "BansheeGz.BGDatabase.Editor.BGRepoDnaGenerator",
        "ClassesNamePrefix": "",
        "FieldsNamePrefix": "",
        "Package": "",
        "RepoClass": "",
        "InstanceName": "I",
        "SourceFile": ""
    },
    "CodeGenMonoBehaviorClasses": {
        "GeneratorClass": "BansheeGz.BGDatabase.Editor.BGMonoBehaviorClassesGenerator",
        "ClassesNamePrefix": "DbGo",
        "FieldsNamePrefix": "f_",
        "Package": "",
        "UseAddonClasses": true,
        "OnlyChanged": false,
        "SourceFolder": "Assets\\BGDatabaseInventoryExample\\Scripts\\MBGenerated",
        "EnableOdin": false,
        "Readonly": false
    },
    "CodeGenPlaymaker": {
        "GeneratorClass": "",
        "ClassesNamePrefix": "",
        "FieldsNamePrefix": "",
        "Package": "",
        "SourceFile": "",
        "ActionCategory": "BansheeGz",
        "GenerateGetById": false,
        "GenerateSetById": false,
        "GenerateGetByIndex": false,
        "GenerateSetByIndex": false,
        "GenerateGetByName": false,
        "GenerateSetByName": false,
        "GenerateCount": false,
        "GenerateCreate": false,
        "GenerateDelete": false,
        "CCGetByIdOnEnterStart": "",
        "CCGetByIdOnEnterEnd": "",
        "CCGetByIdResetStart": "",
        "CCGetByIdResetEnd": "",
        "CCSetByIdOnEnterStart": "",
        "CCSetByIdOnEnterEnd": "",
        "CCSetByIdResetStart": "",
        "CCSetByIdResetEnd": "",
        "CCGetByIndexOnEnterStart": "",
        "CCGetByIndexOnEnterEnd": "",
        "CCGetByIndexResetStart": "",
        "CCGetByIndexResetEnd": "",
        "CCSetByIndexOnEnterStart": "",
        "CCSetByIndexOnEnterEnd": "",
        "CCSetByIndexResetStart": "",
        "CCSetByIndexResetEnd": "",
        "CCGetByNameOnEnterStart": "",
        "CCGetByNameOnEnterEnd": "",
        "CCGetByNameResetStart": "",
        "CCGetByNameResetEnd": "",
        "CCSetByNameOnEnterStart": "",
        "CCSetByNameOnEnterEnd": "",
        "CCSetByNameResetStart": "",
        "CCSetByNameResetEnd": "",
        "CCCountOnEnterStart": "",
        "CCCountOnEnterEnd": "",
        "CCCountResetStart": "",
        "CCCountResetEnd": "",
        "CCCreateOnEnterStart": "",
        "CCCreateOnEnterEnd": "",
        "CCCreateResetStart": "",
        "CCCreateResetEnd": "",
        "CCDeleteOnEnterStart": "",
        "CCDeleteOnEnterEnd": "",
        "CCDeleteResetStart": "",
        "CCDeleteResetEnd": ""
    },
    "CodeGenMT": {
        "GeneratorClass": "",
        "ClassesNamePrefix": "",
        "FieldsNamePrefix": "",
        "Package": "",
        "SourceFile": ""
    },
    "CodeGenBolt": {
        "GeneratorClass": "",
        "ClassesNamePrefix": "",
        "FieldsNamePrefix": "",
        "Package": "",
        "SourceFile": "",
        "UnitCategory": "BansheeGz",
        "TargetPlatform": 0
    },
    "CodeGenFlowCanvas": {
        "GeneratorClass": "",
        "ClassesNamePrefix": "",
        "FieldsNamePrefix": "",
        "Package": "",
        "SourceFile": "",
        "UnitCategory": "BansheeGz"
    },
    "CodeGenBehavior": {
        "GeneratorClass": "",
        "ClassesNamePrefix": "",
        "FieldsNamePrefix": "",
        "Package": "",
        "SourceFile": "",
        "ActionsCategory": "Action/BGDatabase"
    },
    "BackUpInstant": 0,
    "BackUpDaily": 60,
    "DoNotIncludeSettings": false,
    "Id2MetaTableConfig": {
        "values": [
            {
                "WidthId": 40.0,
                "WidthName": 100.0,
                "FilterEnabled": false,
                "Filter": "",
                "NameField": "",
                "SortFieldId": "",
                "SortFieldOrder": false,
                "RowHeight": 22.0,
                "ActivePreset": -1,
                "CP": [],
                "Id2Width": {
                    "values": [
                        262.0,
                        54.0,
                        177.0,
                        113.0,
                        161.0
                    ],
                    "myKeys": [
                        "qbXx03Nlr0Gn5Pt61VxJFA",
                        "gdFlr2mVaUyTAuGdg2jLJg",
                        "lbweEvL84kSU2njM//13ng",
                        "iSova9r6+UWOEhpRDKPmKw",
                        "zj83/04bAkubmt/2xrP/Sw"
                    ]
                },
                "HiddenFields": {
                    "values": []
                },
                "OrderFields": [],
                "PinnedColumns": [],
                "FilterPresets": [],
                "ACF": false
            },
            {
                "WidthId": 40.0,
                "WidthName": 100.0,
                "FilterEnabled": false,
                "Filter": "",
                "NameField": "",
                "SortFieldId": "5SfKk3oBuEe4UGNXnhqJuQ",
                "SortFieldOrder": false,
                "RowHeight": 22.0,
                "ActivePreset": -1,
                "CP": [],
                "Id2Width": {
                    "values": [
                        206.0,
                        199.0,
                        178.0
                    ],
                    "myKeys": [
                        "5Dj7vf+pqkSZA+glPY6bSg",
                        "92d8XWONgEuzKI8GkwIpTA",
                        "z504MFdrm0SCM4wQjiBl+g"
                    ]
                },
                "HiddenFields": {
                    "values": []
                },
                "OrderFields": [],
                "PinnedColumns": [],
                "FilterPresets": [],
                "ACF": false
            },
            {
                "WidthId": 40.0,
                "WidthName": 100.0,
                "FilterEnabled": false,
                "Filter": "",
                "NameField": "",
                "SortFieldId": "",
                "SortFieldOrder": false,
                "RowHeight": 22.0,
                "ActivePreset": -1,
                "CP": [],
                "Id2Width": {
                    "values": [
                        78.0,
                        53.0,
                        72.0,
                        56.0,
                        348.0
                    ],
                    "myKeys": [
                        "GLU/A/KWeUub1PUecVScPg",
                        "1OGpXBVYSkSZkqibFwM1Yw",
                        "1oZV11x0E0mIYnw66+wMeg",
                        "X0z39l3hnUusQ2Wy2Nmyrw",
                        "zj83/04bAkubmt/2xrP/Sw"
                    ]
                },
                "HiddenFields": {
                    "values": []
                },
                "OrderFields": [],
                "PinnedColumns": [],
                "FilterPresets": [],
                "ACF": false
            },
            {
                "WidthId": 40.0,
                "WidthName": 100.0,
                "FilterEnabled": false,
                "Filter": "",
                "NameField": "",
                "SortFieldId": "",
                "SortFieldOrder": false,
                "RowHeight": 22.0,
                "ActivePreset": -1,
                "CP": [],
                "Id2Width": {
                    "values": [
                        123.0,
                        113.0,
                        108.0,
                        111.0
                    ],
                    "myKeys": [
                        "BJ3CSArp00+ZAsV+eBY2Jw",
                        "lbweEvL84kSU2njM//13ng",
                        "vQvwWhdgZUKv0gN5f1Kyzg",
                        "b8l9Blo5dEuJRY5fxMpvsw"
                    ]
                },
                "HiddenFields": {
                    "values": []
                },
                "OrderFields": [],
                "PinnedColumns": [],
                "FilterPresets": [],
                "ACF": false
            },
            {
                "WidthId": 40.0,
                "WidthName": 100.0,
                "FilterEnabled": false,
                "Filter": "",
                "NameField": "",
                "SortFieldId": "",
                "SortFieldOrder": false,
                "RowHeight": 22.0,
                "ActivePreset": -1,
                "CP": [],
                "Id2Width": {
                    "values": [
                        211.0,
                        189.0
                    ],
                    "myKeys": [
                        "O16XtzAru0e/SnvzA5N3mQ",
                        "zj83/04bAkubmt/2xrP/Sw"
                    ]
                },
                "HiddenFields": {
                    "values": []
                },
                "OrderFields": [],
                "PinnedColumns": [],
                "FilterPresets": [],
                "ACF": false
            },
            {
                "WidthId": 40.0,
                "WidthName": 100.0,
                "FilterEnabled": false,
                "Filter": "",
                "NameField": "",
                "SortFieldId": "",
                "SortFieldOrder": false,
                "RowHeight": 22.0,
                "ActivePreset": -1,
                "CP": [],
                "Id2Width": {
                    "values": [
                        173.0,
                        166.0
                    ],
                    "myKeys": [
                        "M1JpNCOrUUmdxHPPVqmhjA",
                        "zj83/04bAkubmt/2xrP/Sw"
                    ]
                },
                "HiddenFields": {
                    "values": []
                },
                "OrderFields": [],
                "PinnedColumns": [],
                "FilterPresets": [],
                "ACF": false
            },
            {
                "WidthId": 40.0,
                "WidthName": 100.0,
                "FilterEnabled": false,
                "Filter": "",
                "NameField": "",
                "SortFieldId": "",
                "SortFieldOrder": false,
                "RowHeight": 22.0,
                "ActivePreset": -1,
                "CP": [],
                "Id2Width": {
                    "values": [
                        181.0
                    ],
                    "myKeys": [
                        "M1JpNCOrUUmdxHPPVqmhjA"
                    ]
                },
                "HiddenFields": {
                    "values": []
                },
                "OrderFields": [],
                "PinnedColumns": [],
                "FilterPresets": [],
                "ACF": false
            }
        ],
        "myKeys": [
            "v8IiOOYCnk68nfpi+6dhrw",
            "Uf246Tb7Z02iN1Aig5w9kw",
            "mXdfIQ+0xk+NTFMx/CAUOg",
            "0eqaOltBVUGEy83riiXQ4w",
            "5mQsstAbPk20pioQ9Uqd7w",
            "iQQsJHuI90S2IvfjvLzz4Q",
            "CdXXwXnm90StiiWrRsBUjA"
        ]
    },
    "SyncList": [],
    "DataSourceList": [],
    "DeltaMode": false,
    "DeltaPath": "",
    "ColumnWidthKeyId": 100.0,
    "ColumnWidthKeyName": 150.0,
    "ColumnWidthKeyFields": 200.0,
    "ColumnWidthKeyConfig": 200.0,
    "ShowMetaListFilter": false,
    "MetaListViewModels": [],
    "MetaListViewModelActive": "",
    "ViewTableNameWidth": 100,
    "Id2FieldConfig": {
        "values": [],
        "myKeys": []
    },
    "PinnedSync": "6exMoHjRV0yKK2xY+t8PJw",
    "TBBatchFolded": false,
    "TBSelectFolded": false,
    "TBFilterFolded": false,
    "TBPageFolded": false,
    "LocalizationSettings": "",
    "FieldsCount": 30,
    "Merge2Db2": "",
    "Merge3Db2": "",
    "Merge3Db0": "",
    "MetasOrder": 0
}