{
    "keys": [
        "BansheeGz.BGDatabase.Editor.BGSettingsEditorModel"
    ],
    "values": [
        "{\"DatabaseLeftWidth\":160.0,\"ConfigLeftWidth\":223.0,\"SceneExplorerLeftWidth\":300.0,\"ExportLeftWidth\":300.0,\"PluginsLeftWidth\":300.0,\"AddonLeftWidth\":142.0,\"SettingsLeftWidth\":211.0,\"FilterLeftWidth\":200.0,\"EntityPagerSize\":40,\"InjectScriptableObjects\":false,\"ColumnWidthFieldId\":100.0,\"ColumnWidthFieldName\":98.0,\"ColumnWidthFieldIsSystem\":50.0,\"ColumnWidthFieldRequired\":50.0,\"ColumnWidthFieldIsName\":50.0,\"ColumnWidthFieldComment\":70.0,\"ColumnWidthFieldType\":136.0,\"ColumnWidthFieldAddon\":43.0,\"ColumnWidthFieldDefault\":44.0,\"ColumnWidthFieldSettings\":45.0,\"ColumnWidthRelationInId\":100.0,\"ColumnWidthRelationInName\":250.0,\"ColumnWidthRelationInFrom\":150.0,\"CodeGenRepoDna\":{\"GeneratorClass\":\"\",\"ClassesNamePrefix\":\"\",\"FieldsNamePrefix\":\"\",\"Package\":\"\",\"RepoClass\":\"\",\"InstanceName\":\"I\",\"SourceFile\":\"\"},\"CodeGenMonoBehaviorClasses\":{\"GeneratorClass\":\"\",\"ClassesNamePrefix\":\"\",\"FieldsNamePrefix\":\"\",\"Package\":\"\",\"UseAddonClasses\":false,\"OnlyChanged\":false,\"SourceFolder\":\"\",\"EnableOdin\":false},\"CodeGenPlaymaker\":{\"GeneratorClass\":\"BansheeGz.BGDatabase.Editor.BGPlaymakerActionsGenerator\",\"ClassesNamePrefix\":\"P_\",\"FieldsNamePrefix\":\"\",\"Package\":\"\",\"SourceFile\":\"Assets/Scripts/PlaymakerGenerated.cs\",\"ActionCategory\":\"BansheeGz\",\"GenerateGetById\":true,\"GenerateSetById\":true,\"GenerateGetByIndex\":true,\"GenerateSetByIndex\":true,\"GenerateGetByName\":true,\"GenerateSetByName\":true,\"GenerateCount\":true,\"GenerateCreate\":true,\"GenerateDelete\":true,\"CCGetByIdOnEnterStart\":\"\",\"CCGetByIdOnEnterEnd\":\"\",\"CCGetByIdResetStart\":\"\",\"CCGetByIdResetEnd\":\"\",\"CCSetByIdOnEnterStart\":\"\",\"CCSetByIdOnEnterEnd\":\"\",\"CCSetByIdResetStart\":\"\",\"CCSetByIdResetEnd\":\"\",\"CCGetByIndexOnEnterStart\":\"\",\"CCGetByIndexOnEnterEnd\":\"\",\"CCGetByIndexResetStart\":\"\",\"CCGetByIndexResetEnd\":\"\",\"CCSetByIndexOnEnterStart\":\"\",\"CCSetByIndexOnEnterEnd\":\"\",\"CCSetByIndexResetStart\":\"\",\"CCSetByIndexResetEnd\":\"\",\"CCGetByNameOnEnterStart\":\"\",\"CCGetByNameOnEnterEnd\":\"\",\"CCGetByNameResetStart\":\"\",\"CCGetByNameResetEnd\":\"\",\"CCSetByNameOnEnterStart\":\"\",\"CCSetByNameOnEnterEnd\":\"\",\"CCSetByNameResetStart\":\"\",\"CCSetByNameResetEnd\":\"\",\"CCCountOnEnterStart\":\"\",\"CCCountOnEnterEnd\":\"\",\"CCCountResetStart\":\"\",\"CCCountResetEnd\":\"\",\"CCCreateOnEnterStart\":\"\",\"CCCreateOnEnterEnd\":\"\",\"CCCreateResetStart\":\"\",\"CCCreateResetEnd\":\"\",\"CCDeleteOnEnterStart\":\"\",\"CCDeleteOnEnterEnd\":\"\",\"CCDeleteResetStart\":\"\",\"CCDeleteResetEnd\":\"\"},\"CodeGenMT\":{\"GeneratorClass\":\"\",\"ClassesNamePrefix\":\"\",\"FieldsNamePrefix\":\"\",\"Package\":\"\",\"SourceFile\":\"\"},\"CodeGenBolt\":{\"GeneratorClass\":\"\",\"ClassesNamePrefix\":\"\",\"FieldsNamePrefix\":\"\",\"Package\":\"\",\"SourceFile\":\"\",\"UnitCategory\":\"BansheeGz\",\"TargetPlatform\":0},\"CodeGenFlowCanvas\":{\"GeneratorClass\":\"\",\"ClassesNamePrefix\":\"\",\"FieldsNamePrefix\":\"\",\"Package\":\"\",\"SourceFile\":\"\",\"UnitCategory\":\"BansheeGz\"},\"BackUpInstant\":0,\"BackUpDaily\":60,\"Id2MetaTableConfig\":{\"values\":[{\"WidthId\":40.0,\"WidthName\":100.0,\"FilterEnabled\":false,\"Filter\":\"\",\"NameField\":\"\",\"SortFieldId\":\"\",\"SortFieldOrder\":false,\"Pinned\":false,\"RowHeight\":22.0,\"Id2Width\":{\"values\":[66.0,81.0,62.0,107.0,41.0,49.0,41.0],\"myKeys\":[\"ty/973S2dUmlPcNMGhhyQQ\",\"MboLkY+JRkGpGyWxBROffQ\",\"/Y+C2ULiQkaw44HQ9/jIjw\",\"4ZM1mQZghkmq6X9JOv319Q\",\"AA9A5xfoa062lwh2kF3MuA\",\"ObqlXtlaC0y7KJWKQJ9H8A\",\"RVzZQNxhMkaikyx8ctOBWQ\"]},\"HiddenFields\":{\"values\":[]},\"OrderFields\":[],\"FilterPresets\":[],\"ACF\":false}],\"myKeys\":[\"ugkNPccjzECqpaamSBGs2g\"]},\"SyncList\":[],\"DataSourceList\":[],\"DeltaMode\":false,\"DeltaPath\":\"\",\"ColumnWidthKeyId\":100.0,\"ColumnWidthKeyName\":150.0,\"ColumnWidthKeyFields\":200.0,\"ColumnWidthKeyConfig\":200.0,\"ShowMetaListFilter\":false,\"MetaListViewModels\":[],\"MetaListViewModelActive\":\"\",\"PinnedSync\":\"\",\"TBBatchFolded\":false,\"TBSelectFolded\":false,\"TBFilterFolded\":false,\"TBPageFolded\":false}"
    ]
}