{
    "keys": [
        "BansheeGz.BGDatabase.Editor.BGSettingsEditorModel"
    ],
    "values": [
        "{\"DatabaseLeftWidth\":300,\"ConfigLeftWidth\":300,\"SceneExplorerLeftWidth\":300,\"ExportLeftWidth\":300,\"DataSourceLeftWidth\":300,\"AddonLeftWidth\":300,\"SettingsLeftWidth\":300,\"FilterLeftWidth\":200,\"EntityPagerSize\":40,\"InjectScriptableObjects\":false,\"ColumnWidthFieldId\":100.0,\"ColumnWidthFieldName\":200.0,\"ColumnWidthFieldIsSystem\":50.0,\"ColumnWidthFieldRequired\":50.0,\"ColumnWidthFieldIsName\":50.0,\"ColumnWidthFieldComment\":70.0,\"ColumnWidthFieldType\":150.0,\"ColumnWidthFieldAddon\":100.0,\"ColumnWidthFieldDefault\":100.0,\"ColumnWidthFieldSettings\":150.0,\"ColumnWidthRelationInId\":100.0,\"ColumnWidthRelationInName\":250.0,\"ColumnWidthRelationInFrom\":150.0,\"CodeGenRepoDna\":{\"GeneratorClass\":\"\",\"ClassesNamePrefix\":\"\",\"FieldsNamePrefix\":\"\",\"Package\":\"\",\"RepoClass\":\"\",\"InstanceName\":\"I\",\"SourceFile\":\"\"},\"CodeGenMonoBehaviorClasses\":{\"GeneratorClass\":\"\",\"ClassesNamePrefix\":\"\",\"FieldsNamePrefix\":\"\",\"Package\":\"\",\"UseAddonClasses\":false,\"SourceFolder\":\"\"},\"CodeGenPlaymaker\":{\"GeneratorClass\":\"\",\"ClassesNamePrefix\":\"\",\"FieldsNamePrefix\":\"\",\"Package\":\"\",\"SourceFile\":\"\",\"ActionCategory\":\"BansheeGz\",\"GenerateGetById\":false,\"GenerateSetById\":false,\"GenerateGetByIndex\":false,\"GenerateSetByIndex\":false,\"GenerateGetByName\":false,\"GenerateSetByName\":false,\"GenerateCount\":false,\"GenerateCreate\":false,\"GenerateDelete\":false,\"CCGetByIdOnEnterStart\":\"\",\"CCGetByIdOnEnterEnd\":\"\",\"CCGetByIdResetStart\":\"\",\"CCGetByIdResetEnd\":\"\",\"CCSetByIdOnEnterStart\":\"\",\"CCSetByIdOnEnterEnd\":\"\",\"CCSetByIdResetStart\":\"\",\"CCSetByIdResetEnd\":\"\",\"CCGetByIndexOnEnterStart\":\"\",\"CCGetByIndexOnEnterEnd\":\"\",\"CCGetByIndexResetStart\":\"\",\"CCGetByIndexResetEnd\":\"\",\"CCSetByIndexOnEnterStart\":\"\",\"CCSetByIndexOnEnterEnd\":\"\",\"CCSetByIndexResetStart\":\"\",\"CCSetByIndexResetEnd\":\"\",\"CCGetByNameOnEnterStart\":\"\",\"CCGetByNameOnEnterEnd\":\"\",\"CCGetByNameResetStart\":\"\",\"CCGetByNameResetEnd\":\"\",\"CCSetByNameOnEnterStart\":\"\",\"CCSetByNameOnEnterEnd\":\"\",\"CCSetByNameResetStart\":\"\",\"CCSetByNameResetEnd\":\"\",\"CCCountOnEnterStart\":\"\",\"CCCountOnEnterEnd\":\"\",\"CCCountResetStart\":\"\",\"CCCountResetEnd\":\"\",\"CCCreateOnEnterStart\":\"\",\"CCCreateOnEnterEnd\":\"\",\"CCCreateResetStart\":\"\",\"CCCreateResetEnd\":\"\",\"CCDeleteOnEnterStart\":\"\",\"CCDeleteOnEnterEnd\":\"\",\"CCDeleteResetStart\":\"\",\"CCDeleteResetEnd\":\"\"},\"CodeGenMT\":{\"GeneratorClass\":\"\",\"ClassesNamePrefix\":\"\",\"FieldsNamePrefix\":\"\",\"Package\":\"\",\"SourceFile\":\"\"},\"CodeGenBolt\":{\"GeneratorClass\":\"\",\"ClassesNamePrefix\":\"\",\"FieldsNamePrefix\":\"\",\"Package\":\"\",\"SourceFile\":\"\",\"UnitCategory\":\"BansheeGz\"},\"BackUpInstant\":0,\"BackUpDaily\":60,\"Id2MetaTableConfig\":{\"values\":[{\"WidthId\":40.0,\"WidthName\":100.0,\"FilterEnabled\":false,\"Filter\":\"\",\"NameField\":\"\",\"SortFieldId\":\"\",\"SortFieldOrder\":false,\"Pinned\":false,\"RowHeight\":22,\"Id2Width\":{\"values\":[164.0],\"myKeys\":[\"6wS85rWc2kuWTwPl4xmd3w\"]},\"HiddenFields\":{\"values\":[]},\"OrderFields\":[]}],\"myKeys\":[\"+fx48YUvF0uJ4tFwYAspAA\"]},\"SyncList\":[{\"JobType\":\"BansheeGz.BGDatabase.Editor.BGSyncExcel\",\"Settings\":\"\",\"SyncName\":\"excel\",\"SyncId\":\"srlQkOxrRU+g1lbE4RqfZg\",\"DataSourceId\":\"CVeWspYkbUylfSZOz4s6JQ\",\"UpdateIdsOnImport\":true,\"TransferRowsOrder\":false,\"SettingsEntity\":{\"mode\":0,\"addMissing\":true,\"updateMatching\":true,\"removeOrphaned\":true,\"id2Meta\":{\"values\":[],\"myKeys\":[]},\"controllerType\":\"\"},\"SettingsMeta\":{\"mode\":0,\"addMissing\":false,\"updateMatching\":false,\"removeOrphaned\":false,\"id2Meta\":{\"values\":[],\"myKeys\":[]}}}],\"DataSourceList\":[{\"DataSourceType\":\"BansheeGz.BGDatabase.Editor.BGDsExcel\",\"Settings\":\"{\\\"Path\\\":\\\"StreamingAssets\\\\\\\\excel.xlsx\\\"}\",\"DataSourceName\":\"excel\",\"DataSourceId\":\"CVeWspYkbUylfSZOz4s6JQ\"}],\"DeltaMode\":false,\"DeltaPath\":\"\",\"ColumnWidthKeyId\":100.0,\"ColumnWidthKeyName\":150.0,\"ColumnWidthKeyFields\":200.0,\"ColumnWidthKeyConfig\":200.0,\"ShowMetaListFilter\":false,\"MetaListViewModels\":[],\"MetaListViewModelActive\":\"\"}"
    ]
}