{
    "Version": "1.0",
    "SRWidth": 600.0,
    "SRHeight": 600.0,
    "MRWidth": 900.0,
    "MRHeight": 400.0,
    "DatabaseLeftWidth": 219.0,
    "ConfigLeftWidth": 194.0,
    "SceneExplorerLeftWidth": 300.0,
    "ExportLeftWidth": 300.0,
    "PluginsLeftWidth": 300.0,
    "AddonLeftWidth": 300.0,
    "SettingsLeftWidth": 300.0,
    "FilterLeftWidth": 200.0,
    "EntityPagerSize": 40,
    "InjectScriptableObjects": false,
    "SODetailedLog": false,
    "ColumnWidthFieldId": 100.0,
    "ColumnWidthFieldName": 109.0,
    "ColumnWidthFieldIsSystem": 50.0,
    "ColumnWidthFieldReadonly": 60.0,
    "ColumnWidthFieldRequired": 50.0,
    "ColumnWidthFieldIsName": 50.0,
    "ColumnWidthFieldComment": 70.0,
    "ColumnWidthFieldType": 83.0,
    "ColumnWidthFieldAddon": 48.0,
    "ColumnWidthFieldDefault": 49.0,
    "ColumnWidthFieldSettings": 41.0,
    "ColumnWidthRelationInId": 100.0,
    "ColumnWidthRelationInName": 250.0,
    "ColumnWidthRelationInFrom": 150.0,
    "CodeGenRepoDna": {
        "GeneratorClass": "",
        "ClassesNamePrefix": "",
        "FieldsNamePrefix": "",
        "Package": "",
        "RepoClass": "",
        "InstanceName": "I",
        "SourceFile": ""
    },
    "CodeGenMonoBehaviorClasses": {
        "GeneratorClass": "BansheeGz.BGDatabase.Editor.BGMonoBehaviorClassesGenerator",
        "ClassesNamePrefix": "M_",
        "FieldsNamePrefix": "f_",
        "Package": "",
        "UseAddonClasses": true,
        "OnlyChanged": false,
        "SourceFolder": "Assets\\BGDatabaseBasic2DExample\\Scripts\\GeneratedMonoBehaviour",
        "EnableOdin": false,
        "Readonly": false
    },
    "CodeGenPlaymaker": {
        "GeneratorClass": "",
        "ClassesNamePrefix": "",
        "FieldsNamePrefix": "",
        "Package": "",
        "SourceFile": "",
        "ActionCategory": "BansheeGz",
        "GenerateGetById": false,
        "GenerateSetById": false,
        "GenerateGetByIndex": false,
        "GenerateSetByIndex": false,
        "GenerateGetByName": false,
        "GenerateSetByName": false,
        "GenerateCount": false,
        "GenerateCreate": false,
        "GenerateDelete": false,
        "CCGetByIdOnEnterStart": "",
        "CCGetByIdOnEnterEnd": "",
        "CCGetByIdResetStart": "",
        "CCGetByIdResetEnd": "",
        "CCSetByIdOnEnterStart": "",
        "CCSetByIdOnEnterEnd": "",
        "CCSetByIdResetStart": "",
        "CCSetByIdResetEnd": "",
        "CCGetByIndexOnEnterStart": "",
        "CCGetByIndexOnEnterEnd": "",
        "CCGetByIndexResetStart": "",
        "CCGetByIndexResetEnd": "",
        "CCSetByIndexOnEnterStart": "",
        "CCSetByIndexOnEnterEnd": "",
        "CCSetByIndexResetStart": "",
        "CCSetByIndexResetEnd": "",
        "CCGetByNameOnEnterStart": "",
        "CCGetByNameOnEnterEnd": "",
        "CCGetByNameResetStart": "",
        "CCGetByNameResetEnd": "",
        "CCSetByNameOnEnterStart": "",
        "CCSetByNameOnEnterEnd": "",
        "CCSetByNameResetStart": "",
        "CCSetByNameResetEnd": "",
        "CCCountOnEnterStart": "",
        "CCCountOnEnterEnd": "",
        "CCCountResetStart": "",
        "CCCountResetEnd": "",
        "CCCreateOnEnterStart": "",
        "CCCreateOnEnterEnd": "",
        "CCCreateResetStart": "",
        "CCCreateResetEnd": "",
        "CCDeleteOnEnterStart": "",
        "CCDeleteOnEnterEnd": "",
        "CCDeleteResetStart": "",
        "CCDeleteResetEnd": ""
    },
    "CodeGenMT": {
        "GeneratorClass": "",
        "ClassesNamePrefix": "",
        "FieldsNamePrefix": "",
        "Package": "",
        "SourceFile": ""
    },
    "CodeGenBolt": {
        "GeneratorClass": "",
        "ClassesNamePrefix": "",
        "FieldsNamePrefix": "",
        "Package": "",
        "SourceFile": "",
        "UnitCategory": "BansheeGz",
        "TargetPlatform": 0
    },
    "CodeGenFlowCanvas": {
        "GeneratorClass": "",
        "ClassesNamePrefix": "",
        "FieldsNamePrefix": "",
        "Package": "",
        "SourceFile": "",
        "UnitCategory": "BansheeGz"
    },
    "BackUpInstant": 0,
    "BackUpDaily": 60,
    "Id2MetaTableConfig": {
        "values": [
            {
                "WidthId": 40.0,
                "WidthName": 100.0,
                "FilterEnabled": false,
                "Filter": "",
                "NameField": "",
                "SortFieldId": "",
                "SortFieldOrder": false,
                "Pinned": false,
                "RowHeight": 22.0,
                "Id2Width": {
                    "values": [
                        142.0
                    ],
                    "myKeys": [
                        "Dhj0yrgJp0WniIMUJOmzBw"
                    ]
                },
                "HiddenFields": {
                    "values": []
                },
                "OrderFields": [],
                "FilterPresets": [],
                "ACF": false
            },
            {
                "WidthId": 205.0,
                "WidthName": 100.0,
                "FilterEnabled": false,
                "Filter": "",
                "NameField": "",
                "SortFieldId": "",
                "SortFieldOrder": false,
                "Pinned": false,
                "RowHeight": 22.0,
                "Id2Width": {
                    "values": [],
                    "myKeys": []
                },
                "HiddenFields": {
                    "values": []
                },
                "OrderFields": [],
                "FilterPresets": [],
                "ACF": false
            }
        ],
        "myKeys": [
            "NH7g2IYfZE+/TBAD4L+OAA",
            "+ZkGOsGpP0qLt+ClZ9yT0w"
        ]
    },
    "SyncList": [],
    "DataSourceList": [],
    "DeltaMode": false,
    "DeltaPath": "",
    "ColumnWidthKeyId": 100.0,
    "ColumnWidthKeyName": 150.0,
    "ColumnWidthKeyFields": 200.0,
    "ColumnWidthKeyConfig": 200.0,
    "ShowMetaListFilter": false,
    "MetaListViewModels": [],
    "MetaListViewModelActive": "",
    "PinnedSync": "",
    "TBBatchFolded": false,
    "TBSelectFolded": false,
    "TBFilterFolded": false,
    "TBPageFolded": false,
    "LocalizationSettings": ""
}