{
    "keys": [
        "BansheeGz.BGDatabase.Editor.BGSettingsEditorModel"
    ],
    "values": [
        "{\"DatabaseLeftWidth\":300,\"ConfigLeftWidth\":300,\"SceneExplorerLeftWidth\":300,\"ExportLeftWidth\":300,\"DataSourceLeftWidth\":300,\"AddonLeftWidth\":300,\"SettingsLeftWidth\":300,\"FilterLeftWidth\":200,\"EntityPagerSize\":40,\"ColumnWidthFieldId\":100.0,\"ColumnWidthFieldName\":200.0,\"ColumnWidthFieldIsSystem\":50.0,\"ColumnWidthFieldRequired\":50.0,\"ColumnWidthFieldIsName\":50.0,\"ColumnWidthFieldType\":150.0,\"ColumnWidthFieldAddon\":100.0,\"ColumnWidthFieldDefault\":100.0,\"ColumnWidthFieldSettings\":150.0,\"ColumnWidthRelationInId\":100.0,\"ColumnWidthRelationInName\":250.0,\"ColumnWidthRelationInFrom\":150.0,\"CodeGenRepoDna\":{\"GeneratorClass\":\"BansheeGz.BGDatabase.Editor.BGRepoDnaGenerator\",\"ClassesNamePrefix\":\"\",\"FieldsNamePrefix\":\"\",\"Package\":\"\",\"RepoClass\":\"\",\"InstanceName\":\"I\",\"SourceFile\":\"\"},\"CodeGenMonoBehaviorClasses\":{\"GeneratorClass\":\"BansheeGz.BGDatabase.Editor.BGMonoBehaviorClassesGenerator\",\"ClassesNamePrefix\":\"DbGo\",\"FieldsNamePrefix\":\"f_\",\"Package\":\"\",\"UseAddonClasses\":true,\"SourceFolder\":\"Assets\\\\Game\\\\Scripts\\\\MBGenerated\"},\"CodeGenPlaymaker\":{\"GeneratorClass\":\"\",\"ClassesNamePrefix\":\"\",\"FieldsNamePrefix\":\"\",\"Package\":\"\",\"SourceFile\":\"\",\"ActionCategory\":\"BansheeGz\",\"GenerateGetById\":false,\"GenerateSetById\":false,\"GenerateGetByIndex\":false,\"GenerateSetByIndex\":false,\"GenerateGetByName\":false,\"GenerateSetByName\":false,\"GenerateCount\":false,\"GCCGetByIdOnEnterStart\":false,\"GCCGetByIdOnEnterEnd\":false,\"GCCGetByIdResetStart\":false,\"GCCGetByIdResetEnd\":false,\"CCGetByIdOnEnterStart\":\"\",\"CCGetByIdOnEnterEnd\":\"\",\"CCGetByIdResetStart\":\"\",\"CCGetByIdResetEnd\":\"\",\"GCCSetByIdOnEnterStart\":false,\"GCCSetByIdOnEnterEnd\":false,\"GCCSetByIdResetStart\":false,\"GCCSetByIdResetEnd\":false,\"CCSetByIdOnEnterStart\":\"\",\"CCSetByIdOnEnterEnd\":\"\",\"CCSetByIdResetStart\":\"\",\"CCSetByIdResetEnd\":\"\",\"GCCGetByIndexOnEnterStart\":false,\"GCCGetByIndexOnEnterEnd\":false,\"GCCGetByIndexResetStart\":false,\"GCCGetByIndexResetEnd\":false,\"CCGetByIndexOnEnterStart\":\"\",\"CCGetByIndexOnEnterEnd\":\"\",\"CCGetByIndexResetStart\":\"\",\"CCGetByIndexResetEnd\":\"\",\"GCCSetByIndexOnEnterStart\":false,\"GCCSetByIndexOnEnterEnd\":false,\"GCCSetByIndexResetStart\":false,\"GCCSetByIndexResetEnd\":false,\"CCSetByIndexOnEnterStart\":\"\",\"CCSetByIndexOnEnterEnd\":\"\",\"CCSetByIndexResetStart\":\"\",\"CCSetByIndexResetEnd\":\"\",\"GCCGetByNameOnEnterStart\":false,\"GCCGetByNameOnEnterEnd\":false,\"GCCGetByNameResetStart\":false,\"GCCGetByNameResetEnd\":false,\"CCGetByNameOnEnterStart\":\"\",\"CCGetByNameOnEnterEnd\":\"\",\"CCGetByNameResetStart\":\"\",\"CCGetByNameResetEnd\":\"\",\"GCCSetByNameOnEnterStart\":false,\"GCCSetByNameOnEnterEnd\":false,\"GCCSetByNameResetStart\":false,\"GCCSetByNameResetEnd\":false,\"CCSetByNameOnEnterStart\":\"\",\"CCSetByNameOnEnterEnd\":\"\",\"CCSetByNameResetStart\":\"\",\"CCSetByNameResetEnd\":\"\",\"GCCCountOnEnterStart\":false,\"GCCCountOnEnterEnd\":false,\"GCCCountResetStart\":false,\"GCCCountResetEnd\":false,\"CCCountOnEnterStart\":\"\",\"CCCountOnEnterEnd\":\"\",\"CCCountResetStart\":\"\",\"CCCountResetEnd\":\"\"},\"CodeGenMT\":{\"GeneratorClass\":\"\",\"ClassesNamePrefix\":\"\",\"FieldsNamePrefix\":\"\",\"Package\":\"\",\"SourceFile\":\"\"},\"Id2MetaTableConfig\":{\"values\":[{\"WidthId\":40.0,\"WidthName\":100.0,\"FilterEnabled\":false,\"Filter\":\"\",\"NameField\":\"\",\"SortFieldId\":\"5SfKk3oBuEe4UGNXnhqJuQ\",\"SortFieldOrder\":false,\"Id2Width\":{\"values\":[178.0,296.0],\"myKeys\":[\"e5EVDzhmJ0+UDNnEJi66iA\",\"wi9deFWor0C7IlC/ej/msA\"]},\"HiddenFields\":{\"values\":[]},\"OrderFields\":[]},{\"WidthId\":40.0,\"WidthName\":100.0,\"FilterEnabled\":false,\"Filter\":\"\",\"NameField\":\"\",\"SortFieldId\":\"\",\"SortFieldOrder\":false,\"Id2Width\":{\"values\":[262.0],\"myKeys\":[\"qbXx03Nlr0Gn5Pt61VxJFA\"]},\"HiddenFields\":{\"values\":[]},\"OrderFields\":[]},{\"WidthId\":40.0,\"WidthName\":100.0,\"FilterEnabled\":false,\"Filter\":\"\",\"NameField\":\"\",\"SortFieldId\":\"5SfKk3oBuEe4UGNXnhqJuQ\",\"SortFieldOrder\":false,\"Id2Width\":{\"values\":[206.0,199.0],\"myKeys\":[\"5Dj7vf+pqkSZA+glPY6bSg\",\"92d8XWONgEuzKI8GkwIpTA\"]},\"HiddenFields\":{\"values\":[]},\"OrderFields\":[]},{\"WidthId\":40.0,\"WidthName\":100.0,\"FilterEnabled\":false,\"Filter\":\"\",\"NameField\":\"\",\"SortFieldId\":\"\",\"SortFieldOrder\":false,\"Id2Width\":{\"values\":[155.0],\"myKeys\":[\"GLU/A/KWeUub1PUecVScPg\"]},\"HiddenFields\":{\"values\":[]},\"OrderFields\":[]}],\"myKeys\":[\"VpWdTwkYEUmTd7GpMZEBCQ\",\"v8IiOOYCnk68nfpi+6dhrw\",\"Uf246Tb7Z02iN1Aig5w9kw\",\"mXdfIQ+0xk+NTFMx/CAUOg\"]},\"SyncList\":[],\"DataSourceList\":[]}"
    ]
}