{
    "keys": [
        "BansheeGz.BGDatabase.Editor.BGSettingsEditorModel"
    ],
    "values": [
        "{\"DatabaseLeftWidth\":371,\"ConfigLeftWidth\":359,\"SceneExplorerLeftWidth\":300,\"ExportLeftWidth\":300,\"DataSourceLeftWidth\":300,\"AddonLeftWidth\":300,\"SettingsLeftWidth\":300,\"FilterLeftWidth\":200,\"EntityPagerSize\":50,\"InjectScriptableObjects\":false,\"ColumnWidthFieldId\":118.0,\"ColumnWidthFieldName\":200.0,\"ColumnWidthFieldIsSystem\":50.0,\"ColumnWidthFieldRequired\":50.0,\"ColumnWidthFieldIsName\":50.0,\"ColumnWidthFieldComment\":70.0,\"ColumnWidthFieldType\":150.0,\"ColumnWidthFieldAddon\":100.0,\"ColumnWidthFieldDefault\":100.0,\"ColumnWidthFieldSettings\":150.0,\"ColumnWidthRelationInId\":100.0,\"ColumnWidthRelationInName\":250.0,\"ColumnWidthRelationInFrom\":150.0,\"CodeGenRepoDna\":{\"GeneratorClass\":\"BansheeGz.BGDatabase.Editor.BGRepoDnaGenerator\",\"ClassesNamePrefix\":\"\",\"FieldsNamePrefix\":\"\",\"Package\":\"\",\"RepoClass\":\"\",\"InstanceName\":\"I\",\"SourceFile\":\"\"},\"CodeGenMonoBehaviorClasses\":{\"GeneratorClass\":\"BansheeGz.BGDatabase.Editor.BGMonoBehaviorClassesGenerator\",\"ClassesNamePrefix\":\"BGM_\",\"FieldsNamePrefix\":\"m_\",\"Package\":\"BansheeGz.BGDatabase.Example\",\"UseAddonClasses\":true,\"SourceFolder\":\"Assets\\\\BGDatabaseBasic3DExample\\\\Scripts\\\\Generated\\\\MonoBehaviours\"},\"CodeGenPlaymaker\":{\"GeneratorClass\":\"BansheeGz.BGDatabase.Editor.BGPlaymakerActionsGenerator\",\"ClassesNamePrefix\":\"\",\"FieldsNamePrefix\":\"\",\"Package\":\"BansheeGz.BGDatabase.Example\",\"SourceFile\":\"Assets/BGDatabaseBasic3DExample/Scripts/Generated/BGGeneratedPlaymaker.cs\",\"ActionCategory\":\"BansheeGz\",\"GenerateGetById\":true,\"GenerateSetById\":true,\"GenerateGetByIndex\":true,\"GenerateSetByIndex\":true,\"GenerateGetByName\":true,\"GenerateSetByName\":true,\"GenerateCount\":true,\"GenerateCreate\":true,\"GenerateDelete\":true,\"CCGetByIdOnEnterStart\":\"//before enter\",\"CCGetByIdOnEnterEnd\":\"//after enter\",\"CCGetByIdResetStart\":\"//before reset\",\"CCGetByIdResetEnd\":\"//after reset\",\"CCSetByIdOnEnterStart\":\"//before enter\",\"CCSetByIdOnEnterEnd\":\"//after enter\",\"CCSetByIdResetStart\":\"//before reset\",\"CCSetByIdResetEnd\":\"//after reset\",\"CCGetByIndexOnEnterStart\":\"//before enter\",\"CCGetByIndexOnEnterEnd\":\"//after enter\",\"CCGetByIndexResetStart\":\"//before reset\",\"CCGetByIndexResetEnd\":\"//after reset\",\"CCSetByIndexOnEnterStart\":\"//before enter\",\"CCSetByIndexOnEnterEnd\":\"//after enter\",\"CCSetByIndexResetStart\":\"//before reset\",\"CCSetByIndexResetEnd\":\"//after reset\",\"CCGetByNameOnEnterStart\":\"//before enter\",\"CCGetByNameOnEnterEnd\":\"//after enter\",\"CCGetByNameResetStart\":\"//before reset\",\"CCGetByNameResetEnd\":\"//after reset\",\"CCSetByNameOnEnterStart\":\"//before enter\",\"CCSetByNameOnEnterEnd\":\"//after enter\",\"CCSetByNameResetStart\":\"//before reset\",\"CCSetByNameResetEnd\":\"//after reset\",\"CCCountOnEnterStart\":\"//before enter\",\"CCCountOnEnterEnd\":\"//after enter\",\"CCCountResetStart\":\"//before reset\",\"CCCountResetEnd\":\"//after reset\",\"CCCreateOnEnterStart\":\"//before enter\",\"CCCreateOnEnterEnd\":\"//after enter\",\"CCCreateResetStart\":\"//before reset\",\"CCCreateResetEnd\":\"//after reset\",\"CCDeleteOnEnterStart\":\"//before enter\",\"CCDeleteOnEnterEnd\":\"//after enter\",\"CCDeleteResetStart\":\"//before reset\",\"CCDeleteResetEnd\":\"//after reset\"},\"CodeGenMT\":{\"GeneratorClass\":\"BansheeGz.BGDatabase.Editor.BGMTGenerator\",\"ClassesNamePrefix\":\"MT_\",\"FieldsNamePrefix\":\"\",\"Package\":\"BansheeGz.BGDatabase.Example\",\"SourceFile\":\"Assets/BansheeGzSupport/BGGeneratedMT.cs\"},\"CodeGenBolt\":{\"GeneratorClass\":\"\",\"ClassesNamePrefix\":\"\",\"FieldsNamePrefix\":\"\",\"Package\":\"\",\"SourceFile\":\"Assets/Temp/Bolt.cs\",\"UnitCategory\":\"BansheeGz\"},\"BackUpInstant\":0,\"BackUpDaily\":60,\"Id2MetaTableConfig\":{\"values\":[{\"WidthId\":40.0,\"WidthName\":100.0,\"FilterEnabled\":false,\"Filter\":\"\",\"NameField\":\"\",\"SortFieldId\":\"\",\"SortFieldOrder\":false,\"Pinned\":false,\"Id2Width\":{\"values\":[276.0],\"myKeys\":[\"HThOdRCxlEGU1aefSG+Nbw\"]},\"HiddenFields\":{\"values\":[]},\"OrderFields\":[]},{\"WidthId\":40.0,\"WidthName\":100.0,\"FilterEnabled\":false,\"Filter\":\"\",\"NameField\":\"\",\"SortFieldId\":\"\",\"SortFieldOrder\":false,\"Pinned\":false,\"Id2Width\":{\"values\":[125.0,137.0,150.0,133.0,145.0,179.0,69.0,96.0,149.0,144.0,127.0,143.0,117.0,141.0,141.0,136.0,124.0,127.0,125.0,119.0,148.0,146.0,144.0,159.0,140.0,150.0,164.0,144.0,143.0,117.0],\"myKeys\":[\"lkA3LGzQfUq6QJMnnnq/XA\",\"14GQJaBFGEaLnyPopZ9gXw\",\"IUqQiOQ39EWGeWO4i2C1iw\",\"XEXILNeWdUucmk0no1vOAA\",\"OaQN0Q+QyUmnVv4kW7waFA\",\"pWaUSEOiTU2WAsC+9BJ1oQ\",\"+U0GPGh49USzJTGDTApAEw\",\"97+WQEz6cEqeKiSTCuWsJg\",\"IzKM43VEuUeTtZBfnEp5Bw\",\"TeWHTxUMBkW56NJzrAMZgQ\",\"d0hMkN6R5k+Q3FSd6LaWPA\",\"/Xz3Sh2rck2og6HR0yaEJA\",\"802LjPGhEkKY7kc8ynYHGg\",\"mTgTzr+i6E+/CItRn0+kGg\",\"nzIY0nob6EivoCjkOswv1g\",\"pE+am8UvVk6D6VT6QKqKOw\",\"6uM8Ul+lZEiVuGdZLdtw1A\",\"a7X1gaf1MUizxEa087d/Ng\",\"BUWE5/6iN0a1ga/71Qe9Zw\",\"Hr0R+SgCTUWkODXualdL6A\",\"UjwnRAky/EuKKLbuqsQFUw\",\"qzNYw1WIGE+sJNwbR7w1yw\",\"pJEb9CXu+EK21MvKgdLHIQ\",\"Vv0C42t3tU2yaeWQIUbVLA\",\"5DpFBftEHkSeYcRQod6uyg\",\"KJ4TLa9WKUOupLpGZZneGw\",\"TvEQ61gQF0i/Mofld2r6BA\",\"IxvfTPXbxUC2ynDjzKcgWw\",\"Uo5uQKHthkqtl8TD8VJ4vw\",\"rNh5ef0mzUC7gO7VnuTyaA\"]},\"HiddenFields\":{\"values\":[]},\"OrderFields\":[]},{\"WidthId\":40.0,\"WidthName\":100.0,\"FilterEnabled\":false,\"Filter\":\"\",\"NameField\":\"\",\"SortFieldId\":\"\",\"SortFieldOrder\":false,\"Pinned\":false,\"Id2Width\":{\"values\":[138.0,130.0,264.0,69.0],\"myKeys\":[\"IRdcluoUFk6Uvugh9K8Hhw\",\"FxR2vodBdEOlpOhALDweGQ\",\"ba4nEVU1G0Sw8//GfG2o0g\",\"GjdU/p1eV0eyAGi7hZLbMw\"]},\"HiddenFields\":{\"values\":[]},\"OrderFields\":[]}],\"myKeys\":[\"vOMLOZ/f+kqSZ6lDEg1BsA\",\"Ezl4oqck4kKtOsnRQJiEDA\",\"eQteIm2K0UeMGEdupcG3SQ\"]},\"SyncList\":[{\"JobType\":\"BansheeGz.BGDatabase.Editor.BGSyncExcel\",\"Settings\":\"\",\"SyncName\":\"excel\",\"SyncId\":\"ohvoR59naU+1V2YGo2gScw\",\"DataSourceId\":\"3n4BAPGISUCyfwQrOXHq4Q\",\"UpdateIdsOnImport\":true,\"SettingsEntity\":{\"mode\":0,\"addMissing\":true,\"updateMatching\":true,\"removeOrphaned\":true,\"id2Meta\":{\"values\":[],\"myKeys\":[]},\"controllerType\":\"\"},\"SettingsMeta\":{\"mode\":0,\"addMissing\":false,\"updateMatching\":false,\"removeOrphaned\":false,\"id2Meta\":{\"values\":[],\"myKeys\":[]}}},{\"JobType\":\"BansheeGz.BGDatabase.Editor.BGSyncJson\",\"Settings\":\"\",\"SyncName\":\"backup\",\"SyncId\":\"9AmFcS8CyUGWAYboE40Xxw\",\"DataSourceId\":\"Ho1E2qgPPU6EEFnclj+BEg\",\"UpdateIdsOnImport\":true,\"SettingsEntity\":{\"mode\":0,\"addMissing\":false,\"updateMatching\":false,\"removeOrphaned\":false,\"id2Meta\":{\"values\":[],\"myKeys\":[]},\"controllerType\":\"\"},\"SettingsMeta\":{\"mode\":0,\"addMissing\":false,\"updateMatching\":false,\"removeOrphaned\":false,\"id2Meta\":{\"values\":[],\"myKeys\":[]}}}],\"DataSourceList\":[{\"DataSourceType\":\"BansheeGz.BGDatabase.Editor.BGDsExcel\",\"Settings\":\"{\\\"Path\\\":\\\"C:/Unity/BGGameDatabase/Excel/test.xls\\\"}\",\"DataSourceName\":\"test\",\"DataSourceId\":\"3n4BAPGISUCyfwQrOXHq4Q\"},{\"DataSourceType\":\"BansheeGz.BGDatabase.Editor.BGDsJson\",\"Settings\":\"{\\\"Path\\\":\\\"C:/Unity/BGGameDatabase/Json/bgdatabasedemo.json\\\"}\",\"DataSourceName\":\"backup\",\"DataSourceId\":\"Ho1E2qgPPU6EEFnclj+BEg\"}],\"DeltaMode\":false,\"DeltaPath\":\"Assets\\\\Temp\\\\Resources\\\\bgdatabase_delta.bytes\"}"
    ]
}