{
    "Version": "1.0",
    "SRWidth": 600.0,
    "SRHeight": 600.0,
    "MRWidth": 900.0,
    "MRHeight": 400.0,
    "DatabaseLeftWidth": 202.0,
    "ConfigLeftWidth": 206.0,
    "SceneExplorerLeftWidth": 300.0,
    "ExportLeftWidth": 300.0,
    "PluginsLeftWidth": 300.0,
    "AddonLeftWidth": 197.0,
    "SettingsLeftWidth": 300.0,
    "FilterLeftWidth": 200.0,
    "EntityPagerSize": 50,
    "InjectScriptableObjects": false,
    "SODetailedLog": false,
    "ColumnWidthFieldId": 118.0,
    "ColumnWidthFieldName": 145.0,
    "ColumnWidthFieldIsSystem": 50.0,
    "ColumnWidthFieldReadonly": 60.0,
    "ColumnWidthFieldRequired": 50.0,
    "ColumnWidthFieldIsName": 50.0,
    "ColumnWidthFieldComment": 41.0,
    "ColumnWidthFieldType": 135.0,
    "ColumnWidthFieldAddon": 47.0,
    "ColumnWidthFieldDefault": 44.0,
    "ColumnWidthFieldSettings": 247.0,
    "ColumnWidthRelationInId": 100.0,
    "ColumnWidthRelationInName": 250.0,
    "ColumnWidthRelationInFrom": 150.0,
    "CodeGenRepoDna": {
        "GeneratorClass": "BansheeGz.BGDatabase.Editor.BGRepoDnaGenerator",
        "ClassesNamePrefix": "",
        "FieldsNamePrefix": "",
        "Package": "",
        "RepoClass": "",
        "InstanceName": "I",
        "SourceFile": ""
    },
    "CodeGenMonoBehaviorClasses": {
        "GeneratorClass": "BansheeGz.BGDatabase.Editor.BGMonoBehaviorClassesGenerator",
        "ClassesNamePrefix": "BGM_",
        "FieldsNamePrefix": "m_",
        "Package": "BansheeGz.BGDatabase.Example",
        "UseAddonClasses": true,
        "OnlyChanged": false,
        "SourceFolder": "Assets\\BGDatabaseBasic3DExample\\Scripts\\Generated\\MonoBehaviours",
        "EnableOdin": false,
        "Readonly": false
    },
    "CodeGenPlaymaker": {
        "GeneratorClass": "BansheeGz.BGDatabase.Editor.BGPlaymakerActionsGenerator",
        "ClassesNamePrefix": "",
        "FieldsNamePrefix": "",
        "Package": "BansheeGz.BGDatabase.Example",
        "SourceFile": "Assets/BGDatabaseBasic3DExample/Scripts/Generated/BGGeneratedPlaymaker.cs",
        "ActionCategory": "BansheeGz",
        "GenerateGetById": true,
        "GenerateSetById": true,
        "GenerateGetByIndex": true,
        "GenerateSetByIndex": true,
        "GenerateGetByName": true,
        "GenerateSetByName": true,
        "GenerateCount": true,
        "GenerateCreate": true,
        "GenerateDelete": true,
        "CCGetByIdOnEnterStart": "//before enter",
        "CCGetByIdOnEnterEnd": "//after enter",
        "CCGetByIdResetStart": "//before reset",
        "CCGetByIdResetEnd": "//after reset",
        "CCSetByIdOnEnterStart": "//before enter",
        "CCSetByIdOnEnterEnd": "//after enter",
        "CCSetByIdResetStart": "//before reset",
        "CCSetByIdResetEnd": "//after reset",
        "CCGetByIndexOnEnterStart": "//before enter",
        "CCGetByIndexOnEnterEnd": "//after enter",
        "CCGetByIndexResetStart": "//before reset",
        "CCGetByIndexResetEnd": "//after reset",
        "CCSetByIndexOnEnterStart": "//before enter",
        "CCSetByIndexOnEnterEnd": "//after enter",
        "CCSetByIndexResetStart": "//before reset",
        "CCSetByIndexResetEnd": "//after reset",
        "CCGetByNameOnEnterStart": "//before enter",
        "CCGetByNameOnEnterEnd": "//after enter",
        "CCGetByNameResetStart": "//before reset",
        "CCGetByNameResetEnd": "//after reset",
        "CCSetByNameOnEnterStart": "//before enter",
        "CCSetByNameOnEnterEnd": "//after enter",
        "CCSetByNameResetStart": "//before reset",
        "CCSetByNameResetEnd": "//after reset",
        "CCCountOnEnterStart": "//before enter",
        "CCCountOnEnterEnd": "//after enter",
        "CCCountResetStart": "//before reset",
        "CCCountResetEnd": "//after reset",
        "CCCreateOnEnterStart": "//before enter",
        "CCCreateOnEnterEnd": "//after enter",
        "CCCreateResetStart": "//before reset",
        "CCCreateResetEnd": "//after reset",
        "CCDeleteOnEnterStart": "//before enter",
        "CCDeleteOnEnterEnd": "//after enter",
        "CCDeleteResetStart": "//before reset",
        "CCDeleteResetEnd": "//after reset"
    },
    "CodeGenMT": {
        "GeneratorClass": "BansheeGz.BGDatabase.Editor.BGMTGenerator",
        "ClassesNamePrefix": "MT_",
        "FieldsNamePrefix": "",
        "Package": "BansheeGz.BGDatabase.Example",
        "SourceFile": "Assets/BansheeGzSupport/BGGeneratedMT.cs"
    },
    "CodeGenBolt": {
        "GeneratorClass": "",
        "ClassesNamePrefix": "",
        "FieldsNamePrefix": "",
        "Package": "",
        "SourceFile": "Assets/Temp/Bolt.cs",
        "UnitCategory": "BansheeGz",
        "TargetPlatform": 0
    },
    "CodeGenFlowCanvas": {
        "GeneratorClass": "",
        "ClassesNamePrefix": "",
        "FieldsNamePrefix": "",
        "Package": "",
        "SourceFile": "",
        "UnitCategory": "BansheeGz"
    },
    "BackUpInstant": 0,
    "BackUpDaily": 60,
    "DoNotIncludeSettings": false,
    "Id2MetaTableConfig": {
        "values": [
            {
                "WidthId": 40.0,
                "WidthName": 100.0,
                "FilterEnabled": false,
                "Filter": "",
                "NameField": "",
                "SortFieldId": "",
                "SortFieldOrder": false,
                "Pinned": false,
                "RowHeight": 22.0,
                "Id2Width": {
                    "values": [
                        83.0,
                        266.0,
                        99.0,
                        72.0,
                        72.0
                    ],
                    "myKeys": [
                        "HThOdRCxlEGU1aefSG+Nbw",
                        "5DpWh0jwL02qQWTS2PKyvA",
                        "62xzhiRAw0qO2wxYyw8tww",
                        "oaWKCJqpM0iAgZExFrVD5Q",
                        "MAB9NxDTsE2yVkniy0Ytbg"
                    ]
                },
                "HiddenFields": {
                    "values": []
                },
                "OrderFields": [],
                "PinnedColumns": [],
                "FilterPresets": [],
                "ACF": false
            },
            {
                "WidthId": 40.0,
                "WidthName": 100.0,
                "FilterEnabled": false,
                "Filter": "",
                "NameField": "",
                "SortFieldId": "",
                "SortFieldOrder": false,
                "Pinned": false,
                "RowHeight": 22.0,
                "Id2Width": {
                    "values": [
                        125.0,
                        137.0,
                        150.0,
                        133.0,
                        145.0,
                        179.0,
                        69.0,
                        96.0,
                        149.0,
                        144.0,
                        127.0,
                        143.0,
                        117.0,
                        141.0,
                        141.0,
                        136.0,
                        124.0,
                        127.0,
                        125.0,
                        119.0,
                        148.0,
                        146.0,
                        144.0,
                        159.0,
                        140.0,
                        150.0,
                        164.0,
                        144.0,
                        143.0,
                        117.0
                    ],
                    "myKeys": [
                        "lkA3LGzQfUq6QJMnnnq/XA",
                        "14GQJaBFGEaLnyPopZ9gXw",
                        "IUqQiOQ39EWGeWO4i2C1iw",
                        "XEXILNeWdUucmk0no1vOAA",
                        "OaQN0Q+QyUmnVv4kW7waFA",
                        "pWaUSEOiTU2WAsC+9BJ1oQ",
                        "+U0GPGh49USzJTGDTApAEw",
                        "97+WQEz6cEqeKiSTCuWsJg",
                        "IzKM43VEuUeTtZBfnEp5Bw",
                        "TeWHTxUMBkW56NJzrAMZgQ",
                        "d0hMkN6R5k+Q3FSd6LaWPA",
                        "/Xz3Sh2rck2og6HR0yaEJA",
                        "802LjPGhEkKY7kc8ynYHGg",
                        "mTgTzr+i6E+/CItRn0+kGg",
                        "nzIY0nob6EivoCjkOswv1g",
                        "pE+am8UvVk6D6VT6QKqKOw",
                        "6uM8Ul+lZEiVuGdZLdtw1A",
                        "a7X1gaf1MUizxEa087d/Ng",
                        "BUWE5/6iN0a1ga/71Qe9Zw",
                        "Hr0R+SgCTUWkODXualdL6A",
                        "UjwnRAky/EuKKLbuqsQFUw",
                        "qzNYw1WIGE+sJNwbR7w1yw",
                        "pJEb9CXu+EK21MvKgdLHIQ",
                        "Vv0C42t3tU2yaeWQIUbVLA",
                        "5DpFBftEHkSeYcRQod6uyg",
                        "KJ4TLa9WKUOupLpGZZneGw",
                        "TvEQ61gQF0i/Mofld2r6BA",
                        "IxvfTPXbxUC2ynDjzKcgWw",
                        "Uo5uQKHthkqtl8TD8VJ4vw",
                        "rNh5ef0mzUC7gO7VnuTyaA"
                    ]
                },
                "HiddenFields": {
                    "values": []
                },
                "OrderFields": [],
                "PinnedColumns": [],
                "FilterPresets": [],
                "ACF": false
            },
            {
                "WidthId": 40.0,
                "WidthName": 100.0,
                "FilterEnabled": false,
                "Filter": "",
                "NameField": "",
                "SortFieldId": "",
                "SortFieldOrder": false,
                "Pinned": false,
                "RowHeight": 22.0,
                "Id2Width": {
                    "values": [
                        138.0,
                        130.0,
                        148.0,
                        69.0
                    ],
                    "myKeys": [
                        "IRdcluoUFk6Uvugh9K8Hhw",
                        "FxR2vodBdEOlpOhALDweGQ",
                        "ba4nEVU1G0Sw8//GfG2o0g",
                        "GjdU/p1eV0eyAGi7hZLbMw"
                    ]
                },
                "HiddenFields": {
                    "values": []
                },
                "OrderFields": [],
                "PinnedColumns": [],
                "FilterPresets": [],
                "ACF": false
            },
            {
                "WidthId": 40.0,
                "WidthName": 100.0,
                "FilterEnabled": false,
                "Filter": "{\"or\":false,\"functionGroups\":[],\"functions\":[{\"FieldIdString\":\"2SQgIfIG+U+eQ43w6eWYnA\",\"OperatorType\":\"BansheeGz.BGDatabase.Editor.BGFilterOperatorRelationEqual\",\"OperatorConfig\":\"AG65iQRwJEuTGRcpUr4McA\"}],\"SortFields\":[],\"DName\":\"\"}",
                "NameField": "",
                "SortFieldId": "",
                "SortFieldOrder": false,
                "Pinned": false,
                "RowHeight": 22.0,
                "Id2Width": {
                    "values": [
                        135.0
                    ],
                    "myKeys": [
                        "2SQgIfIG+U+eQ43w6eWYnA"
                    ]
                },
                "HiddenFields": {
                    "values": []
                },
                "OrderFields": [],
                "PinnedColumns": [],
                "FilterPresets": [
                    "{\"or\":false,\"functionGroups\":[],\"functions\":[{\"FieldIdString\":\"2SQgIfIG+U+eQ43w6eWYnA\",\"OperatorType\":\"BansheeGz.BGDatabase.Editor.BGFilterOperatorRelationEqual\",\"OperatorConfig\":\"AG65iQRwJEuTGRcpUr4McA\"}],\"SortFields\":[],\"DName\":\"1\"}"
                ],
                "ACF": false
            }
        ],
        "myKeys": [
            "vOMLOZ/f+kqSZ6lDEg1BsA",
            "Ezl4oqck4kKtOsnRQJiEDA",
            "eQteIm2K0UeMGEdupcG3SQ",
            "1w3MIU8bK0enJ/2KTkwotA"
        ]
    },
    "SyncList": [
        {
            "JobType": "BansheeGz.BGDatabase.Editor.BGSyncExcel",
            "Settings": "",
            "SyncName": "excel",
            "SyncId": "ohvoR59naU+1V2YGo2gScw",
            "DataSourceId": "3n4BAPGISUCyfwQrOXHq4Q",
            "UpdateIdsOnImport": true,
            "TransferRowsOrder": false,
            "PrintWarnings": false,
            "ActionsType": 0,
            "SettingsEntity": {
                "mode": 0,
                "addMissing": true,
                "updateMatching": true,
                "removeOrphaned": true,
                "id2Meta": {
                    "values": [],
                    "myKeys": []
                },
                "controllerType": ""
            },
            "SettingsMeta": {
                "mode": 0,
                "addMissing": false,
                "updateMatching": false,
                "removeOrphaned": false,
                "id2Meta": {
                    "values": [],
                    "myKeys": []
                }
            }
        },
        {
            "JobType": "BansheeGz.BGDatabase.Editor.BGSyncJson",
            "Settings": "",
            "SyncName": "backup",
            "SyncId": "9AmFcS8CyUGWAYboE40Xxw",
            "DataSourceId": "Ho1E2qgPPU6EEFnclj+BEg",
            "UpdateIdsOnImport": true,
            "TransferRowsOrder": false,
            "PrintWarnings": false,
            "ActionsType": 0,
            "SettingsEntity": {
                "mode": 0,
                "addMissing": false,
                "updateMatching": false,
                "removeOrphaned": false,
                "id2Meta": {
                    "values": [],
                    "myKeys": []
                },
                "controllerType": ""
            },
            "SettingsMeta": {
                "mode": 0,
                "addMissing": false,
                "updateMatching": false,
                "removeOrphaned": false,
                "id2Meta": {
                    "values": [],
                    "myKeys": []
                }
            }
        }
    ],
    "DataSourceList": [
        {
            "DataSourceType": "BansheeGz.BGDatabase.Editor.BGDsExcel",
            "Settings": "{\"ActionsType\":0,\"Path\":\"C:/Unity/BGGameDatabase/Excel/test.xls\",\"ActionsType\":0,\"NameMapConfig\":{\"metas\":[]},\"NameMapConfigEnabled\":false,\"IdConfigEnabled\":false,\"RelationsConfigEnabled\":false,\"IdConfig\":{\"metaConfigs\":[]},\"DisabledConfig\":{\"IgnoreTables\":[],\"IgnoreFields\":[]},\"RelationsConfig\":{\"metaConfigs\":[],\"defaultConfig\":0},\"AssetsConfig\":{\"fieldConfigs\":[],\"globalParameters\":{\"mode\":0,\"disableExport\":false,\"keepARatio\":false,\"disableImport\":false,\"newAssetsFolder\":\"\",\"onEmptyRef\":0,\"onInvalidRef\":0}},\"AssetsConfigEnabled\":false}",
            "DataSourceName": "test",
            "DataSourceId": "3n4BAPGISUCyfwQrOXHq4Q"
        },
        {
            "DataSourceType": "BansheeGz.BGDatabase.Editor.BGDsJson",
            "Settings": "{\"ActionsType\":0,\"Path\":\"C:/Unity/BGGameDatabase/Json/bgdatabasedemo.json\",\"Format\":0}",
            "DataSourceName": "backup",
            "DataSourceId": "Ho1E2qgPPU6EEFnclj+BEg"
        }
    ],
    "DeltaMode": false,
    "DeltaPath": "Assets\\Temp\\Resources\\bgdatabase_delta.bytes",
    "ColumnWidthKeyId": 100.0,
    "ColumnWidthKeyName": 150.0,
    "ColumnWidthKeyFields": 200.0,
    "ColumnWidthKeyConfig": 200.0,
    "ShowMetaListFilter": false,
    "MetaListViewModels": [],
    "MetaListViewModelActive": "",
    "ViewTableNameWidth": 100,
    "Id2FieldConfig": {
        "values": [],
        "myKeys": []
    },
    "PinnedSync": "",
    "TBBatchFolded": false,
    "TBSelectFolded": false,
    "TBFilterFolded": false,
    "TBPageFolded": false,
    "LocalizationSettings": "",
    "FieldsCount": 30,
    "Merge2Db2": "",
    "Merge3Db2": "",
    "Merge3Db0": "",
    "MetasOrder": 0
}